Day,Kidal,Gao,Timbuktu,Mopti,Douentza,Konna,Menaka,Niafounke,Bourem,Bamako,Tenenkou,Segou,Ansongo,Lere,Dire,Goundam,Fassala-Mbera,Mentao,Bobo-Dioulasso,Abala,Mangaize,Niamey,Tabareybarey
0,0,0,0,0,0,31,0,0,0,0,0,0,0,41,1464,6616,0,0,0,0,0,0,0
1,0,0,1,8,7,2575,0,0,8732,0,55,0,128,88,2517,5900,22,0,0,0,0,0,0
2,0,1650,0,337,191,2024,0,0,6576,0,35,0,413,108,3025,5396,53,0,0,0,0,0,0
3,194,2620,228,528,358,1778,0,18,5221,0,30,68,741,185,3326,5092,88,0,0,0,0,0,0
4,141,3139,145,631,519,1651,0,8,4329,0,50,128,1072,254,3531,5045,123,0,0,0,0,0,0
5,118,3353,149,663,670,1655,0,7,3964,12,51,196,1408,283,3647,5041,186,0,0,0,0,0,0
6,101,3595,124,686,801,1690,0,12,3671,19,63,245,1699,317,3706,5089,258,0,0,0,0,0,0
7,88,3645,121,743,859,1743,0,15,3493,36,84,273,1953,319,3849,5052,334,0,0,0,0,0,0
8,95,3822,117,838,928,1760,0,21,3299,54,94,321,2206,315,3882,5167,416,0,0,0,0,0,0
9,80,3997,110,914,1011,1823,0,19,3286,60,81,388,2466,342,3997,5261,508,0,0,0,0,0,0
10,79,4127,96,954,1070,1883,0,18,3217,95,93,456,2678,408,4043,5393,594,0,0,0,0,0,0
11,77,4307,129,960,1152,1983,0,23,3256,121,111,520,2830,430,4096,5492,695,0,0,0,0,0,0
12,83,4467,115,1005,1194,2064,0,23,3308,135,107,561,2953,462,4158,5543,793,0,0,0,0,0,0
13,59,4638,100,1051,1230,2171,0,20,3328,156,142,615,3104,485,0,9333,902,0,0,0,0,0,0
14,81,4759,106,1124,1297,2278,0,12,3443,179,166,645,3162,510,0,9678,1011,0,0,0,0,0,0
15,75,4998,98,1197,1333,2432,0,16,3395,199,179,695,3239,539,0,9789,1136,0,0,0,0,0,0
16,84,5142,109,1262,1417,2596,0,27,3390,197,190,777,3346,573,0,9915,1282,0,0,0,0,0,0
17,86,5185,132,1358,1463,2657,0,24,3412,213,183,817,3531,609,0,10049,1418,0,0,0,0,0,0
18,100,5221,123,1433,1568,2739,0,37,3503,236,217,878,3652,611,0,10213,1585,0,0,0,0,0,0
19,98,5259,134,1498,1612,2890,0,33,3567,247,207,916,3726,625,0,10361,1742,0,0,0,0,0,0
20,103,5354,127,1560,1679,2991,0,31,3657,259,230,963,3881,667,0,10474,1885,0,0,0,0,0,0
21,100,5490,126,1664,1678,3106,0,38,3709,312,225,1022,3990,719,0,10648,2060,0,0,0,0,0,0
22,90,5707,147,1747,1712,3031,0,25,3703,319,236,1063,4258,726,0,11417,2225,0,0,0,0,0,0
23,96,136,128,1745,1741,3195,0,52,6318,327,225,1188,6200,841,0,11743,2396,81,55,0,0,0,0
24,178,103,225,1829,2659,3139,0,28,6882,333,236,1183,6680,885,0,12038,2573,289,216,0,0,0,0
25,192,115,227,1887,2763,3166,0,36,6861,332,275,1177,7086,859,0,11971,2781,482,363,0,0,0,0
26,198,174,246,1965,2774,3355,0,22,6772,355,269,1144,7261,835,0,11999,2986,680,504,0,0,0,0
27,193,179,212,1998,2811,3436,0,29,6697,373,239,1182,7586,847,0,11983,3197,935,650,0,0,0,0
28,165,183,245,2042,2836,3573,0,30,6697,376,235,1202,7754,851,0,11862,3395,1198,788,0,0,0,0
29,175,211,268,2034,2861,3663,0,31,6600,382,246,1218,7810,828,0,11685,3595,1443,953,0,0,0,0
30,180,212,190,2041,2867,3742,0,25,323,395,264,1169,0,793,0,11473,3818,1707,1091,0,0,0,0
31,874,177,857,2082,3805,3712,0,15,319,390,264,1147,0,762,0,11270,4012,2000,1254,0,0,0,0
32,259,201,331,2162,3962,3827,0,25,322,379,243,1176,0,772,0,11521,4167,2295,1387,0,0,0,0
33,325,259,365,2200,4198,4105,0,27,1156,360,253,1191,0,790,0,11523,4329,2580,1535,29,0,0,34
34,305,234,305,2292,4229,4207,0,33,443,340,243,1208,0,795,0,11485,4506,2905,1675,653,384,0,2479
35,331,273,421,2364,4226,4392,1,28,555,341,244,1235,0,800,0,11439,4687,3253,1830,1251,744,0,3998
36,225,312,248,2495,3962,4576,0,24,506,364,256,1236,0,830,0,11407,4865,3602,1973,1620,936,0,5364
37,203,247,293,2598,3755,4697,1,26,584,375,227,1209,0,848,0,11396,5065,3987,2117,1940,1132,2,6424
38,202,292,243,2651,3577,4689,2,27,446,376,282,1258,0,820,0,11344,5253,4378,2152,2226,1294,7,6871
39,173,267,244,2719,3451,4647,4,24,402,412,295,1276,0,799,0,11181,5434,4763,2148,2577,1478,13,6867
40,160,264,217,2723,3388,4686,0,35,389,401,313,1263,0,806,0,11149,5620,5118,2146,2952,1662,16,6857
41,177,249,241,2749,3324,4667,1,28,356,422,326,1320,0,851,0,11049,5792,5466,2145,3283,1880,19,6848
42,161,217,209,2803,3240,4579,2,39,372,449,291,1380,0,886,0,11024,5972,5790,2143,3629,2084,22,6841
43,162,247,230,2874,3112,4575,0,31,371,464,310,1403,0,907,0,10988,6163,6137,2143,3985,2286,24,6837
44,165,277,219,2933,3041,4563,0,30,341,454,307,1423,0,904,0,10874,6361,6471,2141,4312,2484,29,6829
45,151,213,207,2831,3015,4676,0,28,393,490,320,1494,0,893,0,10830,6559,6788,2137,4655,2688,34,6816
46,165,233,209,2894,2999,4807,1,36,348,501,317,1542,0,901,0,10818,6756,7095,2134,4972,2878,40,6810
47,158,254,223,2956,2975,4923,2,42,322,516,324,1576,0,878,0,10759,6954,7229,2131,5305,3061,45,6808
48,187,263,225,3028,3054,4972,1,35,350,550,339,1627,0,865,0,10667,7150,7261,2129,5662,3261,47,6800
49,152,232,227,3054,3054,5105,1,31,381,575,333,1634,0,899,0,10642,7340,7255,2127,6010,3416,51,6789
50,146,290,203,3087,3005,5224,1,37,376,583,315,1684,0,884,0,10558,7536,7248,2126,6381,3461,58,6782
51,149,246,242,3114,3074,5299,1,38,339,580,351,1716,0,897,0,10494,7740,7242,2126,6802,3463,59,6774
52,166,239,245,3161,3139,5367,2,21,309,613,367,1766,0,909,0,10441,7934,7237,2126,7222,3456,66,6770
53,155,266,238,3256,3098,5471,5,36,344,615,344,1835,0,916,0,10397,8142,7234,2122,7647,3452,68,6763
54,151,280,219,3296,3165,5512,2,28,325,648,358,1846,0,943,0,10357,8334,7226,2119,8050,3449,76,6755
55,149,256,227,3392,3135,5591,5,38,329,682,366,1818,0,945,0,10377,8551,7218,2117,8469,3448,86,6751
56,135,281,240,3469,3128,5708,3,40,334,672,380,1898,0,915,0,10339,8791,7211,2116,8889,3445,91,6738
57,153,289,234,3609,3149,5742,4,39,345,656,337,1927,0,925,0,10288,8982,7207,2113,9327,3440,100,6731
58,131,255,234,3595,3203,5765,0,29,316,666,391,1971,0,958,0,10211,9203,7201,2112,9739,3435,106,6727
59,142,255,227,3591,3259,5829,2,37,343,755,393,1962,0,978,0,10206,9421,7188,2110,10168,3433,112,6715
60,136,290,210,3641,3326,5842,2,39,306,737,371,1944,0,1003,0,10153,9652,7180,2109,10594,3430,120,6707
61,134,257,221,3647,3325,5958,4,41,327,719,387,2044,0,991,0,10130,9882,7176,2108,11039,3431,128,6699
62,147,283,206,3792,3342,5966,4,31,323,744,378,2123,0,999,0,10079,10102,7165,2106,11331,3434,136,6695
63,138,288,252,3762,3318,6043,1,40,293,773,378,2173,0,981,0,10040,10330,7158,2103,11441,3432,143,6691
64,144,272,239,3799,3374,6102,3,54,317,749,402,2197,0,913,0,10041,10557,7147,2097,11445,3433,151,6688
65,146,298,198,3764,3411,6188,2,38,314,742,424,2196,0,941,0,10004,10773,7141,2093,11433,3445,158,6681
66,158,307,220,3826,3482,6142,0,33,300,783,439,2248,0,918,0,9917,11004,7135,2090,11421,3443,166,6677
67,157,279,257,3869,3543,6184,3,52,284,801,391,2276,0,964,0,9809,11204,7129,2089,11412,3438,175,6672
68,166,321,231,3910,3544,6227,3,40,299,828,404,2234,0,959,0,9774,11422,7123,2087,11401,3435,183,6669
69,164,319,214,3938,3452,6296,1,48,313,871,435,2221,0,932,0,9655,11653,7116,2085,11389,3430,193,6664
70,160,355,218,3927,3492,6428,4,46,312,879,400,2248,0,969,0,9615,11852,7105,2084,11381,3439,199,6656
71,148,315,255,3941,3598,6431,6,46,305,878,398,2308,0,986,0,9578,12066,7101,2081,11381,3442,208,6651
72,181,309,245,3988,3660,6380,3,37,288,854,426,2342,0,990,0,9537,12287,7092,2078,11378,3436,212,6639
73,178,310,254,4038,3639,6458,3,30,305,843,403,2394,0,977,0,9483,12528,7088,2074,11383,3430,223,6632
74,164,329,245,4084,3689,6462,3,42,311,854,387,2396,0,1006,0,9426,12724,7081,2072,11385,3434,234,6628
75,155,286,253,4098,3728,6529,5,45,333,881,424,2391,0,982,0,9413,12938,7076,2072,11387,3443,246,6618
76,189,323,282,4192,3748,6444,2,29,308,885,430,2402,0,1002,0,9419,13150,7071,2071,11379,3440,256,6613
77,175,319,269,4213,3811,6496,1,34,288,915,421,2420,0,977,0,9427,13383,7062,2070,11379,3437,264,6609
78,159,316,235,4276,3929,6462,1,55,324,939,446,2440,0,978,0,9404,13605,7059,2068,11386,3433,275,6601
79,171,300,266,4255,3894,6558,4,43,322,937,463,2474,0,1014,0,9353,13820,7050,2065,11384,3436,281,6593
80,190,345,274,4197,3919,6662,6,44,300,940,442,2479,0,1044,0,9307,14034,7042,2062,11384,3438,288,6591
81,161,348,269,4218,3920,6697,4,38,310,941,447,2498,0,1026,0,9331,14265,7037,2059,11387,3430,299,6584
82,171,357,265,4235,3865,6773,5,40,322,921,478,2505,0,1013,0,9299,14478,7029,2056,11376,3431,308,6578
83,163,340,292,4292,3908,6776,4,44,282,939,477,2545,0,1002,0,9308,14727,7024,2055,11380,3442,317,6574
84,179,316,237,4336,3892,6883,2,46,306,936,458,2582,0,1003,0,9254,14943,7019,2051,11386,3443,326,6569
85,179,346,272,4348,3979,6914,3,44,294,942,468,2596,0,1047,0,9156,15165,7012,2047,11377,3441,334,6563
86,176,336,265,4399,3982,7014,0,44,315,943,468,2613,0,1060,0,9126,15404,7005,2046,11380,3440,346,6558
87,171,310,246,4508,4010,6934,2,46,308,964,488,2624,0,1077,0,9071,15616,6999,2044,11376,3437,351,6550
88,178,359,258,4514,3964,7052,2,52,297,967,474,2608,0,1090,0,9069,15845,6991,2043,11379,3434,364,6545
89,176,367,248,4511,3982,7007,1,57,304,940,482,2647,0,1094,0,9047,16073,6987,2039,11399,3436,374,6544
90,178,358,291,4524,3941,7070,0,43,302,946,465,2674,0,1085,0,9019,16318,6983,2037,11386,3434,379,6534
91,155,352,288,4592,4032,7033,0,54,306,972,471,2690,0,1063,0,9023,16571,6980,2035,11371,3431,394,6528
92,162,322,254,4635,4057,7020,3,45,320,983,470,2669,0,1065,0,9007,16821,6967,2035,11379,3444,404,6520
93,189,368,288,4509,4146,7102,1,47,301,997,454,2654,0,1057,0,9045,17038,6959,2033,11378,3444,408,6515
94,176,350,282,4603,4110,7146,1,57,309,1042,477,2657,0,1072,0,9083,17253,6955,2031,11381,3437,426,6512
95,174,328,272,4628,4115,7161,1,38,321,1030,448,2649,0,1081,0,9068,17491,6949,2028,11381,3431,434,6506
96,168,367,280,4644,4100,7235,3,41,319,1031,468,2702,0,1041,0,9079,17725,6940,2026,11390,3437,444,6500
97,187,365,266,4660,4046,7181,0,38,303,1048,461,2718,0,1034,0,9090,17952,6931,2025,11387,3441,450,6492
98,180,407,313,4706,4052,7197,2,45,311,1043,511,2801,0,1051,0,9126,18179,6927,2022,11376,3433,459,6485
99,161,359,295,4729,4084,7234,4,41,339,1049,452,2791,0,1068,0,9159,18408,6922,2022,11380,3430,472,6481
100,184,354,275,4828,3997,7243,4,58,354,1066,494,2833,0,1069,0,9191,18634,6915,2020,11386,3440,476,6476
101,201,380,268,4823,4068,7311,2,53,293,1035,481,2779,0,1080,0,9244,18856,6911,2017,11386,3440,481,6471
102,183,373,296,4854,4113,7360,4,42,314,1069,515,2787,0,1089,0,9263,19074,6905,2011,11386,3438,481,6464
103,169,363,295,4922,4083,7397,2,50,345,1045,541,2820,0,1105,0,9278,19313,6899,2008,11377,3437,485,6458
104,187,378,255,4844,4108,7476,0,52,368,1067,479,2893,0,1115,0,9294,19544,6886,2005,11378,3434,498,6454
105,197,386,310,4866,4189,7489,1,47,325,1048,489,2898,0,1135,0,9379,19791,6890,2002,11373,3427,509,6452
106,209,358,289,4894,4262,7428,5,41,316,1063,505,2958,0,1108,0,9406,20040,6898,2001,11378,3442,515,6444
107,191,405,308,4802,4339,7603,0,32,350,1030,518,2978,0,1089,0,9371,20308,6908,1997,11390,3443,533,6442
108,177,350,282,4832,4464,7600,0,43,342,1046,503,3021,0,1115,0,9357,20542,6929,1994,11386,3441,542,6441
109,181,394,303,4835,4517,7654,1,52,359,1076,491,2979,0,1091,0,9400,20803,6926,1992,11385,3436,550,6436
110,216,377,268,4878,4551,7725,2,57,318,1091,522,2941,0,1103,0,9436,21031,6919,1989,11389,3432,555,6423
111,192,381,267,5026,4566,7773,5,59,336,1065,523,2934,0,1159,0,9471,21253,6912,1988,11384,3435,566,6416
112,173,390,283,5020,4569,7781,4,47,356,1131,517,3011,0,1116,0,9455,21508,6905,1987,11372,3438,571,6410
113,203,401,305,5020,4503,7891,4,40,336,1121,548,3049,0,1131,0,9472,21743,6899,1987,11378,3438,580,6405
114,222,405,302,5064,4584,7879,1,57,326,1118,535,3098,0,1127,0,9425,21998,6897,1987,11392,3433,594,6400
115,220,396,302,5079,4609,7978,2,52,375,1091,483,3078,0,1180,0,9492,22236,6893,1984,11385,3435,605,6392
116,197,386,295,5107,4660,7988,1,54,379,1104,528,3125,0,1194,0,9536,22493,6903,1982,11380,3434,620,6390
117,215,397,324,5194,4654,7999,1,52,370,1097,525,3165,0,1149,0,9623,22743,6907,1980,11385,3432,625,6386
118,211,412,332,5204,4724,8040,4,55,394,1126,535,3162,0,1203,0,9726,22974,6910,1979,11377,3440,628,6379
119,227,424,313,5239,4726,8181,4,41,436,1172,548,3229,0,1174,0,9853,23285,6910,1977,11390,3445,635,6368
120,252,391,365,5247,4751,8234,4,61,398,1157,510,3198,0,1195,0,9934,23560,6906,1976,11404,3440,646,6362
121,209,410,368,5230,4885,8319,4,45,432,1175,568,3207,0,1252,0,10064,23808,6898,1973,11395,3436,653,6354
122,229,448,394,5183,5030,8442,2,50,453,1186,562,3228,0,1188,0,10138,24081,6896,1969,11381,3431,665,6347
123,269,372,363,5261,5115,8523,3,59,425,1234,607,3229,0,1226,0,10275,24335,6894,1967,11382,3449,675,6338
124,271,435,386,5366,5211,8584,3,65,472,1235,579,3201,0,1245,0,10375,24607,6900,1966,11389,3448,686,6328
125,269,459,363,5418,5301,8660,0,64,493,1207,574,3315,0,1296,0,10517,24888,6904,1965,11393,3440,698,6316
126,306,464,372,5478,5339,8786,3,53,490,1144,584,3336,0,1340,0,10582,25169,6914,1962,11384,3437,707,6312
127,277,460,396,5486,5569,8846,2,55,506,1202,603,3430,0,1349,0,10668,25455,6911,1959,11385,3434,717,6306
128,267,476,422,5639,5639,8951,3,59,546,1196,579,3336,0,1411,0,10849,25745,6908,1958,11388,3432,726,6300
129,300,451,457,5628,5849,9082,2,64,521,1219,617,3410,0,1396,0,11027,26061,6900,1956,11383,3457,731,6290
130,290,465,448,5697,5847,9303,2,50,507,1226,585,3388,0,1415,0,11205,26365,6897,1953,11395,3460,740,6281
131,313,491,463,5848,5927,9373,5,62,521,1223,596,3464,0,1460,0,11437,26659,6898,1952,11400,3455,747,6270
132,337,498,432,5889,6023,9555,4,64,520,1267,581,3508,0,1482,0,11537,26958,6910,1950,11391,3448,757,6266
133,336,493,425,5888,6211,9799,5,75,554,1252,617,3493,0,1464,0,11698,27293,6920,1947,11381,3446,761,6260
134,326,522,471,6074,6331,9890,1,61,590,1263,652,3562,0,1453,0,11899,27629,6920,1946,11376,3444,769,6253
135,342,556,495,6164,6406,10126,1,63,573,1248,605,3617,0,1515,0,12025,27917,6915,1945,11397,3443,775,6247
136,350,515,512,6316,6539,10223,0,81,580,1316,603,3603,0,1521,0,12217,28261,6909,1942,11420,3437,787,6240
137,359,528,495,6308,6664,10410,6,57,622,1332,638,3598,0,1465,0,12410,28625,6905,1938,11407,3434,798,6235
138,350,542,475,6446,6683,10666,1,63,597,1316,665,3638,0,1510,0,12439,28899,6901,1937,11395,3431,810,6230
139,321,547,498,6586,6690,10710,1,64,551,1340,613,3709,0,1471,0,12450,29214,6897,1937,11381,3451,817,6227
140,326,586,447,6640,6731,10852,1,54,525,1358,630,3750,0,1479,0,12490,29537,6894,1937,11378,3454,827,6223
141,368,585,443,6819,6824,10763,1,54,555,1323,700,3785,0,1523,0,12603,29842,6903,1933,11402,3453,836,6217
142,305,544,468,6840,6930,10943,2,51,519,1361,644,3800,0,1577,0,12661,30169,6919,1931,11403,3451,847,6207
143,321,588,460,6824,6950,11137,2,58,595,1345,679,3850,0,1581,0,12685,30497,6925,1929,11395,3450,848,6198
144,310,594,476,6919,7043,11228,1,76,537,1390,657,3906,0,1585,0,12694,30800,6924,1928,11385,3445,855,6193
145,322,556,480,7079,7108,11258,2,59,549,1409,711,3888,0,1618,0,12865,31144,6915,1928,11374,3443,860,6212
146,337,612,488,7213,7032,11340,1,64,540,1488,727,3859,0,1604,0,13002,31525,6908,1923,11388,3439,868,6226
147,306,666,459,7241,7159,11447,1,70,529,1498,687,3919,0,1641,0,13114,31849,6904,1922,11408,3435,874,6219
148,337,602,462,7316,7166,11523,3,58,569,1492,697,3995,0,1659,0,13206,32188,6897,1928,11399,3434,883,6214
149,312,628,493,7290,7269,11618,1,73,551,1492,740,4112,0,1620,0,13204,32533,6888,1945,11387,3433,893,6211
150,322,614,463,7374,7158,11756,2,51,549,1473,733,4172,0,1655,0,13183,32856,6895,1956,11381,3439,900,6204
151,346,629,460,7422,7260,11883,0,66,531,1499,743,4179,0,1677,0,13184,33224,6920,1953,11392,3441,906,6197
152,328,600,439,7434,7304,11953,4,78,523,1549,720,4170,0,1684,0,13131,33595,6938,1950,11393,3439,909,6197
153,304,627,461,7504,7320,11969,3,72,523,1546,714,4189,0,1639,0,13144,33958,6938,1950,11383,3437,913,6212
154,307,632,483,7569,7304,12050,2,65,509,1588,704,4296,0,1651,0,13064,34327,6930,1950,11391,3436,919,6211
155,263,580,473,7741,7204,12006,2,61,472,1542,749,4279,0,1619,0,13057,34697,6925,1950,11390,3435,923,6201
156,281,617,461,7665,7166,12175,4,68,490,1577,786,4322,0,1627,0,13097,35024,6918,1949,11380,3432,929,6193
157,302,627,435,7682,7114,12249,5,83,497,1614,730,4319,0,1706,0,13138,35369,6913,1946,11380,3449,931,6220
158,313,634,452,7840,7087,12249,2,59,501,1601,742,4396,0,1739,0,13196,35700,6907,1946,11401,3448,937,6231
159,292,600,481,7853,7095,12215,6,75,528,1595,787,4419,0,1760,0,13239,36085,6900,1944,11397,3445,946,6229
160,315,595,454,7871,7066,12310,1,78,519,1659,762,4386,0,1763,0,13226,36437,6899,1943,11386,3442,950,6220
161,324,572,483,7887,7089,12439,1,65,497,1657,769,4497,0,1768,0,13277,36794,6898,1942,11378,3437,963,6214
162,290,596,460,7945,7116,12520,3,71,520,1607,794,4515,0,1761,0,13371,37140,6903,1939,11382,3434,973,6204
163,294,615,418,8038,7177,12372,4,76,533,493,772,4549,0,1704,0,13364,37524,6913,1938,11396,3435,984,6194
164,291,670,429,8078,7177,12348,2,79,446,511,823,6096,0,1716,0,13350,37881,6926,1938,11388,3436,994,6205
165,273,593,439,8086,7104,12362,1,69,460,510,768,6002,0,1718,0,13281,38227,6929,1936,11374,3438,1007,6227
166,251,607,403,8048,6933,12587,3,90,464,650,995,6009,0,1765,0,13245,38587,6922,1934,11394,3435,1018,6223
167,286,624,455,8076,6976,12585,3,67,447,662,935,5755,0,1767,0,13215,38949,6921,1932,11385,3437,1020,6217
168,252,603,429,8182,6904,12574,0,97,428,705,985,5844,0,1846,0,13146,39341,6913,1929,11382,3434,1029,6209
169,257,592,436,8284,6873,12572,2,86,476,679,925,5941,0,1894,0,13055,39740,6901,1929,11389,3435,1040,6204
170,264,578,389,8412,6819,12519,3,93,429,688,951,6135,0,1934,0,13057,40137,6895,1928,11388,3437,1048,6199
171,269,570,434,8495,6810,12457,4,81,430,644,994,6163,0,1965,0,13009,40551,6902,1924,11379,3440,1057,6191
172,236,620,382,8465,6770,12483,2,92,436,701,959,6198,0,1944,0,12886,40973,6916,1930,11378,3439,1063,6218
173,240,573,407,8448,6624,12611,1,102,444,702,1026,6163,0,1998,0,12819,41397,6924,1939,11388,3435,1075,6222
174,255,607,406,8517,6581,12449,4,82,399,727,1004,5989,0,2005,0,12758,41768,6923,1946,11398,3431,1085,6220
175,240,625,351,8509,6530,12451,1,93,425,694,1016,5897,0,1995,0,12770,42216,6915,1943,11387,3452,1088,6216
176,244,581,417,8463,6554,12523,2,96,413,693,1012,5977,0,2000,0,12643,42665,6910,1942,11369,3453,1092,6207
177,241,560,399,8390,6483,12520,2,94,401,659,899,5931,0,2026,0,12669,43063,6905,1941,11381,3452,1106,6201
178,229,605,378,8246,6457,12637,3,95,401,651,958,5841,0,2065,0,12675,43478,6897,1939,11396,3444,1119,6192
179,210,607,387,8268,6433,12414,7,91,407,689,957,5690,0,2004,0,12554,43896,6893,1936,11395,3439,1129,6216
180,212,592,353,8306,6369,12391,3,99,389,703,960,5581,0,1955,0,12539,44346,6910,1934,11386,3436,1134,6224
181,228,568,408,8394,6353,12204,2,99,357,684,933,5565,0,1925,0,12487,44766,6932,1934,11377,3435,1136,6219
182,217,603,379,8308,6356,12210,2,90,374,646,976,5568,0,1955,0,12428,45190,6938,1933,11379,3432,1145,6210
183,202,580,384,8257,6346,12147,1,97,394,660,866,5644,0,1962,0,12430,45609,6934,1931,11391,3439,1152,6207
184,220,567,360,8256,6295,12157,5,91,369,622,856,5589,0,1973,0,12326,46026,6928,1930,11393,3447,1151,6201
185,208,525,371,8592,646,14579,0,88,349,661,899,5551,0,1926,0,12286,46451,6923,1930,11385,3443,1158,6196
186,197,1850,399,8771,649,13972,5,74,369,606,935,5327,0,1911,0,12298,46857,6918,1926,11375,3440,1162,6196
187,199,724,362,8792,623,13836,2,105,364,686,926,5456,0,1899,0,12288,47227,6915,1923,11385,3435,1172,6222
188,238,582,382,8868,843,13447,5,92,376,529,931,5419,0,1847,0,12312,47654,6909,1929,11380,3432,1180,6222
189,230,625,389,8891,715,13420,2,89,327,616,915,5564,0,1860,0,12286,48065,6905,1940,11390,3436,1183,6217
190,209,588,420,8796,627,13294,4,98,385,590,884,5433,0,1886,0,12213,48434,6895,1947,11382,3443,1188,6212
191,221,614,397,8662,696,13153,3,96,398,616,969,5464,0,1874,0,12242,48819,6898,1942,11372,3443,1197,6204
192,223,552,373,8651,597,12910,3,99,361,619,938,5408,0,1922,0,12227,49183,6903,1942,11372,3440,1206,6197
193,208,569,373,8621,640,12810,2,91,377,597,916,5457,0,1967,0,12217,49593,6914,1937,11384,3438,1216,6188
194,198,554,351,8655,608,12708,4,110,394,631,862,5478,0,1914,0,12165,49981,6919,1935,11402,3433,1223,6215
195,191,536,366,8617,611,12548,3,86,355,617,903,5409,0,1889,0,12118,50393,6909,1932,11395,3434,1235,6225
196,202,553,374,8543,617,12455,2,80,328,628,949,5338,0,1829,0,12101,50809,6907,1932,11384,3436,1238,6220
197,205,587,357,8402,599,12328,3,80,352,581,971,5303,0,1863,0,12099,51183,6904,1928,11375,3433,1248,6216
198,181,567,343,8282,634,12230,3,106,354,591,933,5413,0,1874,0,12018,51551,6902,1928,11383,3437,1259,6213
199,188,564,391,8214,614,12117,2,84,355,573,850,5415,0,1945,0,11984,51918,6900,1925,11381,3442,1266,6207
200,177,523,348,8151,593,11994,1,91,328,600,896,5378,0,1943,0,11893,52344,6906,1926,11387,3438,1279,6202
201,208,538,360,8116,635,11968,4,85,364,620,874,5264,0,1933,0,11869,52719,6910,1931,11377,3435,1278,6196
202,205,511,339,8025,587,11849,3,73,328,609,924,5272,0,1933,0,11783,53115,6912,1950,11375,3431,1280,6199
203,173,522,322,7993,541,11778,3,89,362,601,875,5266,0,1935,0,11740,53497,6908,1961,11395,3437,1290,6210
204,197,524,363,7936,554,11703,4,89,348,557,871,5302,0,1949,0,11676,53890,6901,1959,11400,3441,1297,6205
205,170,523,351,7857,566,11588,2,78,317,594,886,5210,0,1939,0,11593,54299,6902,1957,11383,3437,1305,6195
206,199,536,348,7821,549,11445,4,89,336,604,927,5202,0,1855,0,11622,54735,6907,1955,11374,3434,1316,6198
207,175,524,326,7825,597,11287,1,93,300,565,856,5161,0,1876,0,11544,55092,6905,1955,11383,3433,1321,6210
208,172,486,312,7674,569,11255,1,73,359,612,831,5214,0,1900,0,11451,55500,6903,1952,11391,3435,1330,6209
209,175,521,342,7564,526,11240,1,84,323,572,892,5130,0,1853,0,11366,55881,6904,1946,11380,3440,1341,6200
210,176,484,369,7525,550,11136,1,77,299,564,890,5085,0,1795,0,11295,56278,6902,1944,11369,3441,1349,6191
211,158,506,313,7393,550,11087,1,66,301,596,853,5115,0,1792,0,11265,56657,6904,1943,11380,3437,1361,6216
212,155,509,302,7357,524,11099,1,76,346,547,826,5084,0,1824,0,11236,57009,6906,1940,11386,3433,1370,6221
213,172,478,336,7373,523,10855,2,82,293,554,855,5123,0,1799,0,11146,57364,6897,1938,11380,3429,1378,6216
214,186,484,315,7327,531,10852,4,77,288,545,849,4929,0,1803,0,11143,57721,6898,1938,11377,3443,1386,6213
215,181,471,333,7277,540,10685,2,79,308,627,835,4864,0,1856,0,11023,58058,6902,1933,11377,3445,1392,6207
216,154,461,330,7199,515,10761,3,92,356,589,812,4810,0,1863,0,10965,58402,6902,1930,11386,3442,1402,6200
217,176,475,299,7171,508,10663,2,80,333,572,825,4825,0,1847,0,10932,58771,6906,1930,11386,3439,1410,6190
218,171,441,325,7151,499,10569,3,97,288,529,816,4746,0,1798,0,10980,59130,6911,1928,11389,3438,1420,6211
219,160,457,314,7089,514,10601,0,68,297,555,829,4728,0,1773,0,10868,59492,6908,1927,11378,3437,1424,6208
220,148,478,325,7070,519,10435,3,75,315,548,838,4623,0,1774,0,10884,59831,6902,1923,11378,3436,1430,6198
221,155,479,302,6990,515,10352,2,105,269,544,810,4640,0,1745,0,10820,60167,6898,1926,11384,3436,1436,6191
222,174,493,305,6892,489,10304,0,84,292,486,806,4673,0,1797,0,10760,60492,6906,1934,11384,3429,1443,6219
223,157,488,298,6936,483,10042,3,76,307,506,795,4625,0,1778,0,10742,60877,6906,1945,11384,3437,1449,6224
224,175,442,294,6874,476,10039,2,85,291,534,773,4539,0,1747,0,10710,61211,6903,1948,11384,3440,1456,6221
225,162,411,303,6809,507,9860,1,62,281,540,801,4546,0,1723,0,10664,61572,6904,1946,11386,3434,1459,6213
226,160,440,308,6728,503,9807,8,78,284,511,753,4473,0,1713,0,10592,61902,6904,1944,11383,3434,1465,6204
227,154,436,291,6728,487,9739,3,88,290,540,756,4508,0,1703,0,10613,62243,6906,1941,11384,3439,1469,6195
228,146,439,265,6722,461,9635,2,57,292,483,789,4485,0,1686,0,10558,62577,6902,1939,11380,3439,1476,6199
229,174,439,265,6687,474,9589,3,69,280,480,808,4464,0,1622,0,10488,62921,6896,1938,11386,3435,1489,6199
230,159,422,290,6582,478,9523,3,69,258,480,767,4442,0,1627,0,10420,63233,6907,1936,11376,3432,1499,6200
231,144,415,268,6514,462,9523,0,71,286,506,725,4351,0,1639,0,10407,63592,6912,1936,11371,3435,1508,6193
232,159,428,270,6526,444,9445,1,66,302,541,763,4362,0,1635,0,10308,63899,6905,1932,11374,3432,1515,6194
233,138,397,305,6452,435,9392,5,73,275,502,719,4368,0,1648,0,10214,64184,6901,1931,11384,3433,1524,6214
234,143,415,263,6380,471,9297,2,81,290,461,732,4376,0,1634,0,10154,64520,6895,1927,11376,3436,1534,6215
235,143,401,249,6308,440,9316,3,80,282,464,750,4382,0,1625,0,10053,64827,6896,1924,11381,3439,1540,6211
236,155,385,270,6273,457,9208,2,61,265,431,732,4303,0,1598,0,9989,65166,6897,1924,11385,3435,1548,6203
237,134,426,250,6290,414,9197,2,71,279,498,726,4258,0,1581,0,9947,65477,6903,1931,11382,3433,1558,6198
238,141,403,279,6303,445,8945,2,67,282,465,687,4157,0,1559,0,9872,65787,6906,1947,11382,3439,1567,6190
239,161,428,264,6193,438,9022,2,75,260,458,764,4091,0,1580,0,9825,66068,6905,1951,11378,3436,1576,6221
240,150,379,277,6213,435,8781,1,68,264,471,758,4032,0,1545,0,9746,66386,6909,1951,11383,3433,1586,6223
241,148,437,271,6122,471,8883,1,67,267,467,691,4056,0,1568,0,9686,66657,6906,1950,11382,3434,1594,6221
242,140,380,239,6071,415,8915,1,58,270,455,704,4162,0,1540,0,9637,66959,6900,1949,11379,3438,1598,6217
243,142,412,229,5907,418,8895,2,62,269,472,685,4092,0,1550,0,9559,67248,6899,1949,11375,3435,1604,6209
244,151,375,264,5840,445,8856,3,64,256,491,679,4070,0,1530,0,9520,67556,6906,1946,11391,3431,1610,6199
245,136,363,233,5748,440,8814,4,63,250,497,643,4027,0,1462,0,9463,67899,6909,1945,11380,3441,1612,6192
246,131,418,259,5731,404,8634,2,76,275,476,711,4003,0,1459,0,9369,68194,6904,1943,11376,3439,1623,6193
247,151,403,253,5690,417,8588,1,65,244,465,648,3997,0,1448,0,9338,68458,6903,1942,11380,3434,1631,6220
248,139,399,218,5708,393,8451,5,51,236,463,681,4047,0,1460,0,9280,68746,6897,1941,11383,3433,1634,6220
249,110,356,256,5700,405,8468,2,67,270,440,719,3979,0,1434,0,9183,69005,6901,1941,11383,3435,1639,6212
250,127,358,257,5706,424,8362,2,77,248,494,667,3944,0,1445,0,9157,69231,6906,1937,11378,3432,1648,6209
251,120,372,240,5646,375,8347,4,70,228,449,673,3904,0,1461,0,9132,69483,6904,1936,11385,3435,1653,6202
252,118,366,240,5651,390,8280,2,59,226,441,662,3933,0,1466,0,9057,69767,6905,1932,11383,3438,1658,6192
253,132,334,222,5608,375,8120,2,60,228,450,630,3887,0,1447,0,8990,70019,6905,1929,11381,3433,1671,6201
254,132,364,269,5543,406,8129,2,71,238,448,706,3835,0,1526,0,8941,70225,6902,1926,11369,3434,1677,6202
255,122,356,226,5519,344,7978,2,62,237,430,684,3802,0,1495,0,8949,70470,6898,1926,11366,3435,1685,6198
256,124,384,237,5496,390,7927,5,76,248,474,688,3816,0,1502,0,8819,70720,6896,1925,11382,3435,1689,6192
257,109,371,211,5430,408,7897,1,62,238,426,681,3794,0,1534,0,8783,70962,6897,1924,11382,3434,1698,6211
258,112,352,265,5378,387,7899,2,76,225,439,641,3857,0,1506,0,8680,71190,6900,1926,11379,3430,1704,6206
259,124,330,190,5326,383,7781,4,73,217,398,692,3849,0,1467,0,8722,71424,6913,1928,11382,3441,1715,6202
260,127,370,219,5295,384,7789,1,61,217,404,693,3753,0,1462,0,8604,71610,6917,1940,11375,3440,1719,6198
261,114,307,229,5299,361,7758,3,71,222,459,686,3753,0,1456,0,8568,71798,6917,1940,11374,3435,1727,6190
262,109,353,229,5261,385,7843,1,67,231,423,678,3742,0,1520,0,8549,71992,6906,1938,11380,3433,1734,6200
263,101,336,229,5303,359,7657,6,81,219,433,682,3711,0,1506,0,8510,72215,6900,1938,11376,3429,1745,6223
264,92,342,222,5167,334,7728,1,67,206,441,660,3694,0,1503,0,8472,72388,6894,1937,11384,3442,1754,6219
265,136,321,241,5124,375,7638,1,61,201,430,648,3677,0,1520,0,8397,72550,6894,1936,11385,3440,1754,6216
266,114,320,223,5109,358,7619,1,66,187,414,636,3676,0,1482,0,8366,72709,6905,1930,11386,3438,1758,6210
267,120,331,208,5127,352,7497,1,56,235,422,740,3647,0,1493,0,8358,72868,6911,1928,11381,3438,1761,6203
268,113,325,207,5089,374,7361,1,56,213,394,711,3670,0,1469,0,8300,73036,6913,1928,11369,3433,1771,6198
269,129,332,211,5097,363,7439,6,67,214,401,679,3674,0,1489,0,8289,73211,6900,1927,11376,3431,1779,6194
270,108,299,225,5125,343,7410,2,62,218,418,705,3667,0,1491,0,8262,73345,6896,1925,11378,3435,1780,6204
271,124,282,212,5085,324,7421,0,70,217,394,770,3578,0,1459,0,8252,73495,6901,1923,11384,3431,1791,6203
272,112,328,225,4977,338,7415,4,58,205,406,728,3585,0,1461,0,8230,73634,6902,1928,11379,3437,1795,6196
273,111,313,190,5005,337,7296,3,74,236,424,691,3575,0,294,0,8207,74124,6907,1933,11371,3439,1802,6191
274,107,310,214,4956,341,7345,2,68,215,390,1302,3542,0,306,0,8248,74232,6903,1933,11368,3436,1812,6201
275,111,314,243,4961,333,7251,1,59,216,377,826,3523,0,264,0,8256,74349,6898,1931,11377,3431,1822,6215
276,98,316,228,4876,344,7257,2,129,209,404,798,3827,0,523,0,8233,74447,6893,1929,11373,3434,1826,6209
277,117,317,210,4869,374,7164,1,74,214,369,746,3762,0,344,0,8264,74587,6895,1928,11368,3434,1837,6198
278,117,331,209,4906,325,7130,5,78,209,431,952,3803,0,297,0,8243,74664,6909,1926,11374,3432,1844,6194
279,88,305,195,4840,352,7164,4,78,209,404,866,3740,0,283,0,8254,74719,6908,1925,11383,3438,1848,6203
280,117,286,201,4833,361,7130,3,81,218,404,833,3801,0,370,0,8218,74781,6902,1922,11381,3435,1854,6205
281,124,301,188,4828,338,7013,1,84,191,424,803,3763,0,349,0,8176,74844,6897,1929,11369,3434,1857,6198
282,124,327,191,4863,320,7054,2,90,200,474,881,3825,0,303,0,8119,74919,6900,1946,11377,3435,1867,6191
283,94,329,186,4773,305,7061,3,73,225,427,857,3883,0,299,0,8095,74954,6902,1950,11379,3435,1869,6196
284,102,310,209,4820,330,7037,1,89,212,435,795,3963,0,339,0,8104,74991,6904,1950,11384,3435,1874,6211
285,105,287,209,4802,336,7027,4,80,202,417,847,3933,0,319,0,8106,75028,6905,1946,11380,3432,1876,6202
286,106,314,178,4778,338,7054,2,80,187,418,859,3905,0,312,0,8102,75066,6899,1944,11368,3436,1887,6199
287,85,295,211,4844,291,6921,0,76,182,480,859,3854,0,312,0,8106,75103,6894,1941,11375,3437,1895,6196
288,93,320,214,4806,290,6903,1,101,180,448,863,3838,0,336,0,8122,75113,6890,1937,11364,3435,1902,6201
289,84,297,199,4862,356,6820,2,92,175,435,887,3878,0,337,0,8094,75170,6888,1935,11376,3433,1911,6203
290,94,295,212,4857,331,6949,2,91,213,412,900,3886,0,339,0,8061,75197,6893,1935,11387,3431,1915,6196
291,91,301,189,4907,321,6819,2,93,182,407,909,3923,0,348,0,8083,75228,6907,1933,11390,3438,1922,6190
292,113,311,165,4860,319,6846,2,84,189,427,819,3919,0,350,0,8122,75239,6914,1930,11374,3432,1926,6204
293,100,292,193,4846,313,6877,2,84,169,418,905,3947,0,349,0,8111,75266,6915,1929,11379,3433,1937,6210
294,88,291,191,4868,321,6865,3,63,201,455,908,3880,0,356,0,8163,75270,6912,1927,11372,3437,1949,6205
295,102,290,182,4831,293,6864,0,86,201,469,871,3849,0,360,0,8177,75306,6908,1926,11367,3438,1952,6200
296,108,287,187,4791,303,6923,4,83,195,412,916,3895,0,336,0,8149,75324,6895,1926,11374,3435,1965,6194
297,82,285,196,4781,299,6911,1,92,185,416,910,3946,0,324,0,8143,75324,6891,1926,11382,3431,1976,6194
298,86,285,188,4776,315,6863,5,94,185,403,881,3889,0,343,0,8120,75314,6899,1926,11377,3439,1980,6207
299,87,298,197,4806,325,6798,2,88,182,447,918,3872,0,362,0,8193,75311,6899,1923,11376,3441,1989,6207
